_type,_id,_revision,_page.next,id,sugauta_kiekis,matavimo_vnt,zuvies_pav,zuvies_komercinis_pav,zuvies_pav_en,zuvies_mokslinis_pav,seima,zvejybos_pastangos_id,zvejybos_pastangos_pradzia,zvejybos_pastangos_pabaiga,pastangos_trukme_val,ekonomines_zonos_kodas,ekonomines_zonos_pav,fao_zonos_kodas,fao_zonos_pav,laivo_registracijos_numeris,kapitono_id,zvejybos_irankio_pav,zvejybos_irankio_ilgis,zvejybos_irankio_tankumas,gylis,laivo_isvykimo_data_laikas,laivo_isvykimo_uosto_pav,laivo_isvykimo_uosto_salis,ar_isvykimo_uostas_eu,laivo_grizimo_data_laikas,laivo_grizimo_uosto_pavadinimas,laivo_grizimo_uosto_salis,ar_grizimo_uostas_eu
datasets/gov/ztzum/sugautu_zuvu_kiekiai/ZuvuKiekis,944cb5e7-36f4-4c7e-8890-00700108068c,1b8b3463-f443-463a-b438-bd320c03b48f,,1,30,Kilogramai,Plekšnė europinė upinė (paprastoji),Europinė upinė plekšnė,European Flounder,Platichthys flesus,Pleuronectidae,64432,2007-09-24T00:00:00,2007-09-24T08:00:00,8,LTU,Lietuva,27.3.d.26,Southern Central Baltic - East (Subdivision 26),625aad83167e008,92cfceb39d57d91,Nežinomi arba išsamiai nenurodyti įrankiai,3000,60,15,2007-09-23T14:00:00,Klaipėda (LTU),Lietuva,TRUE,2007-09-24T15:00:00,Klaipėda (LTU),Lietuva,TRUE
datasets/gov/ztzum/sugautu_zuvu_kiekiai/ZuvuKiekis,df03911e-d368-476e-add0-406e6ea7cab9,59c382c3-7af7-49b7-8e8d-2a80f304929d,,10,65,Kilogramai,Lašiša atlantinė,Atlantinė lašiša,Atlantic Salmon,Salmo salar,Salmonidae,3799,2007-10-16T00:00:00,2007-10-16T09:00:00,9,LTU,Lietuva,27.3.d.26,Southern Central Baltic - East (Subdivision 26),625aad83167e008,92cfceb39d57d91,Nežinomi arba išsamiai nenurodyti įrankiai,3000,55,15,2007-10-15T17:00:00,Klaipėda (LTU),Lietuva,TRUE,2007-10-16T11:00:00,Klaipėda (LTU),Lietuva,TRUE
datasets/gov/ztzum/sugautu_zuvu_kiekiai/ZuvuKiekis,c9c1fa25-4f84-45ba-a840-9b0527d8f7db,22a9449a-5b73-4779-b6c5-6ae37427d99d,,100,100,Kilogramai,Molva melsvoji,Melsvoji molva,Blue Ling,Molva dypterygia,Gadidae,71434,2007-11-06T08:30:00,2007-11-06T16:30:00,8,XIN,Tarptautiniai vandenys,27.6.b.1,Rockall - Part Of Neafc Regulatory Area,3b3ce5f53d596cb,ecb7937db58ec9d,Dugninis tralas su kėtoklėmis,61,110,1050,2007-10-31T09:31:00,Vigo (ESP),Ispanija,TRUE,2008-02-08T09:00:00,Vigo (ESP),Ispanija,TRUE
datasets/gov/ztzum/sugautu_zuvu_kiekiai/ZuvuKiekis,1579c7ad-411b-4a33-bddd-0d0420f83803,3c139073-0c28-4577-96ad-c907034349d7,,1000,1728,Kilogramai,Dančius paprastasis (Didžiadantė),Paprastasis dančius (Didžiadantė),Common Dentex,Dentex dentex,Sparidae,16824,2008-09-16T09:00:00,2008-09-16T18:00:00,9,ESH,Vakarų Sahara,34.1.3.1,Cape Barbas,f2d0728aab1a975,775bc5c30e27f0e,Pelaginis tralas su kėtoklėmis,,40,195,2008-09-14T10:30:00,Dakhla (MAR),Vakarų Sachara,FALSE,2008-09-22T15:00:00,Dakhla (MAR),Vakarų Sachara,FALSE
datasets/gov/ztzum/sugautu_zuvu_kiekiai/ZuvuKiekis,530d05f0-b196-454b-b57e-6db0f821dddf,94cd95dd-b808-4427-b49c-19a2399bfab8,,10000,414,Kilogramai,Grenadierius šiaurinis,Šiaurinis grenadierius,Roughhead Grenadier,Macrourus berglax,Macrouridae,29204,2012-04-03T01:00:00,2012-04-03T11:00:00,10,XIN,Tarptautiniai vandenys,21.3.M,Flemish Cap,3b3ce5f53d596cb,ecb7937db58ec9d,Dugninis tralas su kėtoklėmis,61,130,950,2012-01-01T17:00:00,Vigo (ESP),Ispanija,TRUE,2012-04-27T15:00:00,---,,
datasets/gov/ztzum/sugautu_zuvu_kiekiai/ZuvuKiekis,7917ff8d-4fb7-4683-83b4-b77884d98909,1e514980-9c95-4d9c-8388-1b603d7fddce,,100000,1025,Kilogramai,Menkė Atlantinė,Atlantinė menkė,Atlantic Cod,Gadus morhua,Gadidae,76553,2004-12-13T00:00:00,2004-12-14T19:00:00,43,LTU,Lietuva,27.3.d,Baltic Sea (Division Iiid),dd0bd0f7d7e374d,fd93751649ac3ea,Nežinomi arba išsamiai nenurodyti įrankiai,,,,2004-12-23T00:00:00,---,,,2004-12-23T00:00:00,---,,
datasets/gov/ztzum/sugautu_zuvu_kiekiai/ZuvuKiekis,3400621e-87e2-4166-b044-e4aed7f9ee2c,bbedb8ab-165f-45ea-85e3-9c623f33219b,,100001,400,Kilogramai,Plekšnė europinė upinė (paprastoji),Europinė upinė plekšnė,European Flounder,Platichthys flesus,Pleuronectidae,76555,2004-12-20T00:00:00,2004-12-20T07:00:00,7,LTU,Lietuva,27.3.d,Baltic Sea (Division Iiid),dc7723428bcb11f,fd93751649ac3ea,Nežinomi arba išsamiai nenurodyti įrankiai,,,,2004-12-23T00:00:00,---,,,2004-12-23T00:00:00,---,,
datasets/gov/ztzum/sugautu_zuvu_kiekiai/ZuvuKiekis,f502ef98-3de8-4e7c-8866-f77c9b2a9f21,ad2237f3-167d-4e2a-80d2-235b31d3fa03,,100002,225,Kilogramai,Plekšnė europinė upinė (paprastoji),Europinė upinė plekšnė,European Flounder,Platichthys flesus,Pleuronectidae,76559,2004-12-20T00:00:00,2004-12-20T08:00:00,8,LTU,Lietuva,27.3.d,Baltic Sea (Division Iiid),0c37ddff97eebd2,fd93751649ac3ea,Nežinomi arba išsamiai nenurodyti įrankiai,,,,2004-12-23T00:00:00,---,,,2004-12-23T00:00:00,---,,
datasets/gov/ztzum/sugautu_zuvu_kiekiai/ZuvuKiekis,5669ec38-393e-44b5-88fb-d82a2c0d5135,cd8e0d1c-55c5-4f48-948f-5520a659fc08,,100003,2350,Kilogramai,Menkė Atlantinė,Atlantinė menkė,Atlantic Cod,Gadus morhua,Gadidae,76557,2004-12-21T00:00:00,2004-12-21T07:00:00,7,LTU,Lietuva,27.3.d,Baltic Sea (Division Iiid),0c37ddff97eebd2,fd93751649ac3ea,Nežinomi arba išsamiai nenurodyti įrankiai,,,,2004-12-23T00:00:00,---,,,2004-12-23T00:00:00,---,,
datasets/gov/ztzum/sugautu_zuvu_kiekiai/ZuvuKiekis,f3e98dbf-606a-4395-a65b-843d994e9d6a,6765fa17-ccc3-46f7-8f8e-8ae379807285,,100004,5200,Kilogramai,Atlantinė silkė,Strimelė (Baltijos silkė),Atlantic Herring,Clupea harengus,Clupeidae,76565,2004-12-21T00:00:00,2004-12-21T07:00:00,7,LTU,Lietuva,27.3.d,Baltic Sea (Division Iiid),ec49dd5420c00d1,fd93751649ac3ea,Nežinomi arba išsamiai nenurodyti įrankiai,,,,2004-12-23T00:00:00,---,,,2004-12-23T00:00:00,---,,
datasets/gov/ztzum/sugautu_zuvu_kiekiai/ZuvuKiekis,fa76352d-d419-447a-beb3-23348b4822f5,388f7894-4b1e-4ec5-8e56-1b52bf09dc32,,100005,100,Kilogramai,Menkė Atlantinė,Atlantinė menkė,Atlantic Cod,Gadus morhua,Gadidae,76570,2004-12-20T00:00:00,2004-12-20T12:00:00,12,LTU,Lietuva,27.3.d,Baltic Sea (Division Iiid),1023e37db97d086,fd93751649ac3ea,Nežinomi arba išsamiai nenurodyti įrankiai,,,,2004-12-23T00:00:00,---,,,2004-12-23T00:00:00,---,,
datasets/gov/ztzum/sugautu_zuvu_kiekiai/ZuvuKiekis,cde87a55-120c-4c9a-af4d-c60477582b69,2208925a-308e-4ebb-904f-30cd9b50f43c,,100006,200,Kilogramai,Menkė Atlantinė,Atlantinė menkė,Atlantic Cod,Gadus morhua,Gadidae,76589,2004-12-10T00:00:00,2004-12-10T09:00:00,9,LTU,Lietuva,27.3.d,Baltic Sea (Division Iiid),c1d81ada39edbb3,fd93751649ac3ea,Nežinomi arba išsamiai nenurodyti įrankiai,,,,2004-12-23T00:00:00,---,,,2004-12-23T00:00:00,---,,
datasets/gov/ztzum/sugautu_zuvu_kiekiai/ZuvuKiekis,eeace4b2-95c4-460d-80d0-5d79df5ea1c7,ea57611a-1b34-48b4-8f9f-0d85161baa5d,,100007,225,Kilogramai,Menkė Atlantinė,Atlantinė menkė,Atlantic Cod,Gadus morhua,Gadidae,76587,2004-12-11T00:00:00,2004-12-11T09:00:00,9,LTU,Lietuva,27.3.d,Baltic Sea (Division Iiid),c1d81ada39edbb3,fd93751649ac3ea,Nežinomi arba išsamiai nenurodyti įrankiai,,,,2004-12-23T00:00:00,---,,,2004-12-23T00:00:00,---,,
datasets/gov/ztzum/sugautu_zuvu_kiekiai/ZuvuKiekis,d175f5b4-54c1-4719-95cb-23e8c4ad012a,7e2da4d2-0b64-4ac9-b693-344f578245a0,,100008,200,Kilogramai,Menkė Atlantinė,Atlantinė menkė,Atlantic Cod,Gadus morhua,Gadidae,76593,2004-12-13T00:00:00,2004-12-13T08:27:00,8,LTU,Lietuva,27.3.d,Baltic Sea (Division Iiid),c1d81ada39edbb3,fd93751649ac3ea,Nežinomi arba išsamiai nenurodyti įrankiai,,,,2004-12-23T00:00:00,---,,,2004-12-23T00:00:00,---,,
datasets/gov/ztzum/sugautu_zuvu_kiekiai/ZuvuKiekis,e79733da-93e0-410f-b497-c8634a2dde42,4d57e654-9e33-4731-bfe2-b8fc7093c26e,,100009,400,Kilogramai,Menkė Atlantinė,Atlantinė menkė,Atlantic Cod,Gadus morhua,Gadidae,76596,2004-12-20T00:00:00,2004-12-20T06:00:00,6,LTU,Lietuva,27.3.d,Baltic Sea (Division Iiid),cf8f8fde3e2ba86,fd93751649ac3ea,Nežinomi arba išsamiai nenurodyti įrankiai,,,,2004-12-23T00:00:00,---,,,2004-12-23T00:00:00,---,,
datasets/gov/ztzum/sugautu_zuvu_kiekiai/ZuvuKiekis,a66d7745-acd4-4ba1-afb0-2574e779c436,49c4fe54-9b0b-46c2-9494-10161d0702b8,,10001,160,Kilogramai,Jūriniai paprastieji ešeriai,Paprastieji jūriniai ešeriai,Atlantic Redfishes Nei,Sebastes spp,Scorpaenidae,29196,2012-04-07T20:00:00,2012-04-08T07:00:00,11,XIN,Tarptautiniai vandenys,21.3.M,Flemish Cap,3b3ce5f53d596cb,ecb7937db58ec9d,Dugninis tralas su kėtoklėmis,61,130,934,2012-01-01T17:00:00,Vigo (ESP),Ispanija,TRUE,2012-04-27T15:00:00,---,,
datasets/gov/ztzum/sugautu_zuvu_kiekiai/ZuvuKiekis,6bfde288-dd08-4242-946f-c7a5de52e2d0,1f1f0850-3911-47b6-9812-202d19b7fcb4,,100010,570,Kilogramai,Atlantinė silkė,Strimelė (Baltijos silkė),Atlantic Herring,Clupea harengus,Clupeidae,76607,2004-12-20T00:00:00,2004-12-20T11:00:00,11,LTU,Lietuva,27.3.d,Baltic Sea (Division Iiid),2394c44c50787c4,fd93751649ac3ea,Nežinomi arba išsamiai nenurodyti įrankiai,,,,2004-12-23T00:00:00,---,,,2004-12-23T00:00:00,---,,
datasets/gov/ztzum/sugautu_zuvu_kiekiai/ZuvuKiekis,12adc831-3d34-46d0-83ac-f55a97973768,65ce9391-3d9a-42e1-b001-e562fbcc2def,,100011,1200,Kilogramai,Menkė Atlantinė,Atlantinė menkė,Atlantic Cod,Gadus morhua,Gadidae,76614,2004-12-21T00:00:00,2004-12-21T12:00:00,12,XEU,ES vandenys,27.3.d.26,Southern Central Baltic - East (Subdivision 26),d0104edbb71ca46,fd93751649ac3ea,Nežinomi arba išsamiai nenurodyti įrankiai,,,,2004-12-23T00:00:00,---,,,2004-12-23T00:00:00,---,,
datasets/gov/ztzum/sugautu_zuvu_kiekiai/ZuvuKiekis,9e2d2e64-4f02-463a-b57a-833c222c91ee,2408f4e9-206f-4641-985f-1b87477ef26e,,100012,200,Kilogramai,Atlantinė silkė,Strimelė (Baltijos silkė),Atlantic Herring,Clupea harengus,Clupeidae,76621,2004-12-21T00:00:00,2004-12-21T10:00:00,10,LTU,Lietuva,27.3.d,Baltic Sea (Division Iiid),4cf98a87fa511b0,fd93751649ac3ea,Nežinomi arba išsamiai nenurodyti įrankiai,,,,2004-12-23T00:00:00,---,,,2004-12-23T00:00:00,---,,
datasets/gov/ztzum/sugautu_zuvu_kiekiai/ZuvuKiekis,e9448414-1675-4d36-9e84-f6abbb50151e,c2640693-39ab-40d9-93f7-de6ce4c4c4a9,,100013,210,Kilogramai,Plekšnė europinė upinė (paprastoji),Europinė upinė plekšnė,European Flounder,Platichthys flesus,Pleuronectidae,76629,2004-12-20T00:00:00,2004-12-20T12:00:00,12,LTU,Lietuva,27.3.d,Baltic Sea (Division Iiid),24d68f29f1f4b44,fd93751649ac3ea,Nežinomi arba išsamiai nenurodyti įrankiai,,,,2004-12-27T00:00:00,---,,,2004-12-27T00:00:00,---,,
datasets/gov/ztzum/sugautu_zuvu_kiekiai/ZuvuKiekis,f98aa71a-15a3-4541-a5d6-b63f61b91793,04e74e05-dcb2-43bd-b8e5-e163ba65585a,,100014,2625,Kilogramai,Menkė Atlantinė,Atlantinė menkė,Atlantic Cod,Gadus morhua,Gadidae,76628,2004-12-21T00:00:00,2004-12-21T11:00:00,11,LTU,Lietuva,27.3.d,Baltic Sea (Division Iiid),24d68f29f1f4b44,fd93751649ac3ea,Nežinomi arba išsamiai nenurodyti įrankiai,,,,2004-12-27T00:00:00,---,,,2004-12-27T00:00:00,---,,
datasets/gov/ztzum/sugautu_zuvu_kiekiai/ZuvuKiekis,c94e8d60-40f6-4fa5-a516-8011f9bdf362,0dbfd445-9ca8-47ab-8602-23056b09402c,,100015,1000,Kilogramai,Menkė Atlantinė,Atlantinė menkė,Atlantic Cod,Gadus morhua,Gadidae,76633,2004-12-21T00:00:00,2004-12-21T08:00:00,8,LTU,Lietuva,27.3.d,Baltic Sea (Division Iiid),bea49309191aac7,fd93751649ac3ea,Nežinomi arba išsamiai nenurodyti įrankiai,,,,2004-12-27T00:00:00,---,,,2004-12-27T00:00:00,---,,
datasets/gov/ztzum/sugautu_zuvu_kiekiai/ZuvuKiekis,484f594f-5ef0-43b7-8eb7-bb7d431fbc2e,b79fa461-4de0-414c-865a-0ef3940ede6f,,100016,400,Kilogramai,Menkė Atlantinė,Atlantinė menkė,Atlantic Cod,Gadus morhua,Gadidae,76636,2004-12-21T00:00:00,2004-12-21T08:00:00,8,LTU,Lietuva,27.3.d,Baltic Sea (Division Iiid),3801fa46eae3ad4,fd93751649ac3ea,Nežinomi arba išsamiai nenurodyti įrankiai,,,,2004-12-27T00:00:00,---,,,2004-12-27T00:00:00,---,,
datasets/gov/ztzum/sugautu_zuvu_kiekiai/ZuvuKiekis,8c59ff2b-0d6d-42fc-be59-ca4b3fe60af9,aeeccf36-3d96-4768-bbd0-dd135ef25618,,100017,725,Kilogramai,Menkė Atlantinė,Atlantinė menkė,Atlantic Cod,Gadus morhua,Gadidae,76641,2004-12-20T00:00:00,2004-12-20T08:00:00,8,LTU,Lietuva,27.3.d,Baltic Sea (Division Iiid),7b74f7c517b8cfe,fd93751649ac3ea,Nežinomi arba išsamiai nenurodyti įrankiai,,,,2004-12-28T00:00:00,---,,,2004-12-28T00:00:00,---,,
datasets/gov/ztzum/sugautu_zuvu_kiekiai/ZuvuKiekis,b3da36aa-1b40-44db-9aff-b811a7449dba,ca700083-6395-4793-b0f0-35e03c77f269,,100018,5000,Kilogramai,Šprotas atlantinis,Šprotas (Bretlingis),European Sprat,Sprattus sprattus,Clupeidae,76644,2004-12-27T00:00:00,2004-12-27T06:00:00,6,LTU,Lietuva,27.3.d,Baltic Sea (Division Iiid),4f51e33d25c41a1,fd93751649ac3ea,Nežinomi arba išsamiai nenurodyti įrankiai,,,,2004-12-29T00:00:00,---,,,2004-12-29T00:00:00,---,,
datasets/gov/ztzum/sugautu_zuvu_kiekiai/ZuvuKiekis,1779a8ff-80a4-48eb-93e5-a1dcba7bd1dd,f5acdf07-ba98-408c-be13-97c0b3173eb4,,100019,70000,Kilogramai,Šprotas atlantinis,Šprotas (Bretlingis),European Sprat,Sprattus sprattus,Clupeidae,76648,2004-11-05T00:00:00,2004-11-05T11:00:00,11,LTU,Lietuva,27.3.d,Baltic Sea (Division Iiid),db56d9e26019b95,fd93751649ac3ea,Nežinomi arba išsamiai nenurodyti įrankiai,,,,2004-12-29T00:00:00,---,,,2004-12-29T00:00:00,---,,
datasets/gov/ztzum/sugautu_zuvu_kiekiai/ZuvuKiekis,e416827f-4784-432b-9e55-53043044a118,63481138-140a-415a-947c-adc6ba8e5edd,,10002,153,Kilogramai,Menkė Atlantinė,Atlantinė menkė,Atlantic Cod,Gadus morhua,Gadidae,29194,2012-04-08T15:00:00,2012-04-08T18:00:00,3,XIN,Tarptautiniai vandenys,21.3.M,Flemish Cap,3b3ce5f53d596cb,ecb7937db58ec9d,Dugninis tralas su kėtoklėmis,61,130,782,2012-01-01T17:00:00,Vigo (ESP),Ispanija,TRUE,2012-04-27T15:00:00,---,,
datasets/gov/ztzum/sugautu_zuvu_kiekiai/ZuvuKiekis,d20cb8b8-c46b-4956-a44b-314df207a886,824cbcb4-7981-43a6-a26d-17b5ca88fa16,,100020,100000,Kilogramai,Šprotas atlantinis,Šprotas (Bretlingis),European Sprat,Sprattus sprattus,Clupeidae,76654,2004-12-09T00:00:00,2004-12-09T04:00:00,4,LTU,Lietuva,27.3.d,Baltic Sea (Division Iiid),db56d9e26019b95,fd93751649ac3ea,Nežinomi arba išsamiai nenurodyti įrankiai,,,,2004-12-29T00:00:00,---,,,2004-12-29T00:00:00,---,,
datasets/gov/ztzum/sugautu_zuvu_kiekiai/ZuvuKiekis,bef0529b-db22-40ae-afd2-02d936db6bd3,662c912e-0e0f-481b-92c3-7c1572642aea,,100021,50000,Kilogramai,Šprotas atlantinis,Šprotas (Bretlingis),European Sprat,Sprattus sprattus,Clupeidae,76655,2004-12-09T00:00:00,2004-12-09T06:00:00,6,LTU,Lietuva,27.3.d,Baltic Sea (Division Iiid),db56d9e26019b95,fd93751649ac3ea,Nežinomi arba išsamiai nenurodyti įrankiai,,,,2004-12-29T00:00:00,---,,,2004-12-29T00:00:00,---,,
datasets/gov/ztzum/sugautu_zuvu_kiekiai/ZuvuKiekis,be9cd717-8d6b-41cc-ba3e-b433ce684396,a5518de7-1a62-49ba-9276-1735e5d5c771,,100022,1075,Kilogramai,Menkė Atlantinė,Atlantinė menkė,Atlantic Cod,Gadus morhua,Gadidae,76659,2004-12-21T00:00:00,2004-12-21T11:18:00,11,LTU,Lietuva,27.3.d,Baltic Sea (Division Iiid),045641d5e73c86a,fd93751649ac3ea,Nežinomi arba išsamiai nenurodyti įrankiai,,,,2004-12-29T00:00:00,---,,,2004-12-29T00:00:00,---,,
datasets/gov/ztzum/sugautu_zuvu_kiekiai/ZuvuKiekis,2158af30-1934-4954-9344-8c82f809abcf,a334a15f-c772-4e7f-a9d1-b6932dd1d613,,100023,200,Kilogramai,Menkė Atlantinė,Atlantinė menkė,Atlantic Cod,Gadus morhua,Gadidae,76666,2004-12-28T00:00:00,2004-12-28T09:18:00,9,LTU,Lietuva,27.3.d,Baltic Sea (Division Iiid),c1d81ada39edbb3,fd93751649ac3ea,Statomi žiauniniai tinklai (inkaruojami),1,120,,2005-01-12T00:00:00,---,,,2005-01-12T00:00:00,---,,
datasets/gov/ztzum/sugautu_zuvu_kiekiai/ZuvuKiekis,e6d6a425-26ae-44a0-975c-4e736c871041,e3fa4f5f-f1f2-40dd-9076-8b259840ecc9,,100024,2000,Kilogramai,Menkė Atlantinė,Atlantinė menkė,Atlantic Cod,Gadus morhua,Gadidae,76676,2004-12-27T00:00:00,2004-12-27T11:00:00,11,LTU,Lietuva,27.3.d,Baltic Sea (Division Iiid),4977807e7acd249,fd93751649ac3ea,Dugninis tralas su kėtoklėmis,1,120,,2005-01-12T00:00:00,---,,,2005-01-12T00:00:00,---,,
datasets/gov/ztzum/sugautu_zuvu_kiekiai/ZuvuKiekis,0cc8d541-a17d-4610-a897-ae7e363a5a98,6ec99f16-0fc2-4f1c-8430-b6050317a6da,,100025,360,Kilogramai,Plekšnė europinė upinė (paprastoji),Europinė upinė plekšnė,European Flounder,Platichthys flesus,Pleuronectidae,76683,2004-12-28T00:00:00,2004-12-28T12:00:00,12,LTU,Lietuva,27.3.d,Baltic Sea (Division Iiid),dfc6e787e4066be,fd93751649ac3ea,Dugninis tralas su kėtoklėmis,1,120,,2005-01-12T00:00:00,---,,,2005-01-12T00:00:00,---,,
datasets/gov/ztzum/sugautu_zuvu_kiekiai/ZuvuKiekis,529500d8-fa93-42ff-a7ab-3ebcaeba9e0e,49490bca-22ef-461e-a257-7047d09e3a60,,100026,925,Kilogramai,Menkė Atlantinė,Atlantinė menkė,Atlantic Cod,Gadus morhua,Gadidae,76688,2004-12-26T00:00:00,2004-12-27T21:00:00,45,LTU,Lietuva,27.3.d,Baltic Sea (Division Iiid),dd0bd0f7d7e374d,fd93751649ac3ea,Statomi žiauniniai tinklai (inkaruojami),3600,120,,2005-01-12T00:00:00,---,,,2005-01-12T00:00:00,---,,
datasets/gov/ztzum/sugautu_zuvu_kiekiai/ZuvuKiekis,98ebb49f-6e14-4486-9107-50ab50137730,1ea519f5-48d1-48eb-a1a8-14b2cbec44e1,,100027,1200,Kilogramai,Plekšnė europinė upinė (paprastoji),Europinė upinė plekšnė,European Flounder,Platichthys flesus,Pleuronectidae,76704,2004-12-27T00:00:00,2004-12-27T07:18:00,7,LTU,Lietuva,27.3.d,Baltic Sea (Division Iiid),c06e04817f46e44,fd93751649ac3ea,Dugninis tralas su kėtoklėmis,1,120,,2005-01-12T00:00:00,---,,,2005-01-12T00:00:00,---,,
datasets/gov/ztzum/sugautu_zuvu_kiekiai/ZuvuKiekis,8c6215dd-00b5-4f7c-b006-21b3377aa7db,54dd0c58-9419-495d-99b9-9522b1e8f3b3,,100028,6160,Kilogramai,Šprotas atlantinis,Šprotas (Bretlingis),European Sprat,Sprattus sprattus,Clupeidae,76707,2004-12-29T00:00:00,2004-12-29T07:00:00,7,LTU,Lietuva,27.3.d,Baltic Sea (Division Iiid),97b8adc55f12415,fd93751649ac3ea,Pelaginis tralas su kėtoklėmis,1,10,,2005-01-12T00:00:00,---,,,2005-01-12T00:00:00,---,,
datasets/gov/ztzum/sugautu_zuvu_kiekiai/ZuvuKiekis,5dceb111-5b22-4b5b-bfe1-bbd71c78db9f,a450cf99-c8d3-401a-b9c4-e2981e59e1fb,,100029,1400,Kilogramai,Menkė Atlantinė,Atlantinė menkė,Atlantic Cod,Gadus morhua,Gadidae,76710,2004-12-27T00:00:00,2004-12-27T23:00:00,23,LTU,Lietuva,27.3.d,Baltic Sea (Division Iiid),80fc75b1f3ba5aa,fd93751649ac3ea,Statomi žiauniniai tinklai (inkaruojami),5000,120,,2005-01-12T00:00:00,---,,,2005-01-12T00:00:00,---,,
datasets/gov/ztzum/sugautu_zuvu_kiekiai/ZuvuKiekis,620fb448-af8c-44be-b249-8130643ed419,8fbe4797-7e3e-4963-bfb2-0a98c89f1ef3,,10003,162,Kilogramai,Menkė Atlantinė,Atlantinė menkė,Atlantic Cod,Gadus morhua,Gadidae,29193,2012-04-09T18:00:00,2012-04-09T21:00:00,3,XIN,Tarptautiniai vandenys,21.3.M,Flemish Cap,3b3ce5f53d596cb,ecb7937db58ec9d,Dugninis tralas su kėtoklėmis,61,130,340,2012-01-01T17:00:00,Vigo (ESP),Ispanija,TRUE,2012-04-27T15:00:00,---,,
datasets/gov/ztzum/sugautu_zuvu_kiekiai/ZuvuKiekis,4df6c1d2-c008-42d7-b4ae-2c4f0733d485,60cb7d18-ee30-41d5-a7b9-79444540db9a,,100030,1600,Kilogramai,Menkė Atlantinė,Atlantinė menkė,Atlantic Cod,Gadus morhua,Gadidae,76713,2004-12-27T00:00:00,2004-12-27T06:00:00,6,LTU,Lietuva,27.3.d,Baltic Sea (Division Iiid),a8a6aefe4920759,fd93751649ac3ea,Dugninis tralas su kėtoklėmis,1,120,,2005-01-12T00:00:00,---,,,2005-01-12T00:00:00,---,,
datasets/gov/ztzum/sugautu_zuvu_kiekiai/ZuvuKiekis,6559e949-664c-4bdc-be10-4c28630892b0,9b96cd93-2e3a-4e42-a101-b774c3382135,,100031,1500,Kilogramai,Atlantinė silkė,Strimelė (Baltijos silkė),Atlantic Herring,Clupea harengus,Clupeidae,76714,2004-12-29T00:00:00,2004-12-29T08:00:00,8,LTU,Lietuva,27.3.d,Baltic Sea (Division Iiid),a8a6aefe4920759,fd93751649ac3ea,Pelaginis tralas su kėtoklėmis,1,18,,2005-01-12T00:00:00,---,,,2005-01-12T00:00:00,---,,
datasets/gov/ztzum/sugautu_zuvu_kiekiai/ZuvuKiekis,ad2058f4-9095-44d6-8114-5258b43cb21b,31a569e1-0a4e-40a0-9e05-ca48ec8c5caa,,100032,125,Kilogramai,Menkė Atlantinė,Atlantinė menkė,Atlantic Cod,Gadus morhua,Gadidae,76718,2004-12-26T00:00:00,2004-12-26T19:00:00,19,LTU,Lietuva,27.3.d,Baltic Sea (Division Iiid),ad8460d69f5a20f,fd93751649ac3ea,Statomi žiauniniai tinklai (inkaruojami),5000,120,,2005-01-12T00:00:00,---,,,2005-01-12T00:00:00,---,,
datasets/gov/ztzum/sugautu_zuvu_kiekiai/ZuvuKiekis,7fe58d4c-e145-4bd8-b150-9b10c164c1f0,4eebb758-2700-49fb-a93d-22dab07f6e4d,,100033,364,Kilogramai,Menkė Atlantinė,Atlantinė menkė,Atlantic Cod,Gadus morhua,Gadidae,76720,2004-12-04T00:00:00,2004-12-04T04:00:00,4,LTU,Lietuva,27.3.d,Baltic Sea (Division Iiid),6721e4c0f25175a,fd93751649ac3ea,Dugninis tralas su kėtoklėmis,1,120,,2005-01-12T00:00:00,---,,,2005-01-12T00:00:00,---,,
datasets/gov/ztzum/sugautu_zuvu_kiekiai/ZuvuKiekis,2807896e-b898-4bc5-a8f1-c2dc4dfacea2,d0db1e21-466a-4ed0-a7b0-20ebd02871c3,,100034,5270,Kilogramai,Šprotas atlantinis,Šprotas (Bretlingis),European Sprat,Sprattus sprattus,Clupeidae,76743,2004-12-29T00:00:00,2004-12-29T04:00:00,4,LTU,Lietuva,27.3.d,Baltic Sea (Division Iiid),ac539393238ce8f,fd93751649ac3ea,Pelaginis tralas su kėtoklėmis,1,10,,2005-01-12T00:00:00,---,,,2005-01-12T00:00:00,---,,
datasets/gov/ztzum/sugautu_zuvu_kiekiai/ZuvuKiekis,b7c8de82-04ca-4037-b5d7-a2580307da86,88e10fdb-04e0-4d56-955e-d6fe0a16babf,,100035,600,Kilogramai,Menkė Atlantinė,Atlantinė menkė,Atlantic Cod,Gadus morhua,Gadidae,76758,2005-01-16T00:00:00,2005-01-16T12:00:00,12,LTU,Lietuva,27.3.d,Baltic Sea (Division Iiid),cba034df0a5c202,fd93751649ac3ea,Dugninis tralas su kėtoklėmis,1,120,,2003-01-01T00:00:00,---,,,2003-01-01T00:00:00,---,,
datasets/gov/ztzum/sugautu_zuvu_kiekiai/ZuvuKiekis,79aa9a8b-1988-4995-97a9-23d21bc79500,979b3972-fe16-4817-861b-c308d60d377a,,100036,400,Kilogramai,Menkė Atlantinė,Atlantinė menkė,Atlantic Cod,Gadus morhua,Gadidae,76759,2005-01-16T00:00:00,2005-01-16T08:00:00,8,LTU,Lietuva,27.3.d,Baltic Sea (Division Iiid),cf8f8fde3e2ba86,fd93751649ac3ea,Dugninis tralas su kėtoklėmis,1,120,,2003-01-01T00:00:00,---,,,2003-01-01T00:00:00,---,,
datasets/gov/ztzum/sugautu_zuvu_kiekiai/ZuvuKiekis,804799d5-d6a9-4e5a-9a48-5acde64b328a,3dcd3899-e5cb-45d4-b6a5-15da43fe8e80,,100037,475,Kilogramai,Plekšnė europinė upinė (paprastoji),Europinė upinė plekšnė,European Flounder,Platichthys flesus,Pleuronectidae,76762,2005-01-16T00:00:00,2005-01-16T08:00:00,8,LTU,Lietuva,27.3.d,Baltic Sea (Division Iiid),f28af51261ea1ae,fd93751649ac3ea,Dugninis tralas su kėtoklėmis,1,120,,2003-01-01T00:00:00,---,,,2003-01-01T00:00:00,---,,
datasets/gov/ztzum/sugautu_zuvu_kiekiai/ZuvuKiekis,aae46420-bb32-4d5c-b836-a576cfb6689e,86b17ccb-e2b9-4dd4-ae81-3a02eb16ea3a,,100038,50,Kilogramai,Atlantinė silkė,Strimelė (Baltijos silkė),Atlantic Herring,Clupea harengus,Clupeidae,76768,2005-01-15T00:00:00,2005-01-15T06:00:00,6,LTU,Lietuva,27.3.d,Baltic Sea (Division Iiid),7eb83c5f987b805,fd93751649ac3ea,Dugninis tralas su kėtoklėmis,1,18,,2003-01-01T00:00:00,---,,,2003-01-01T00:00:00,---,,
datasets/gov/ztzum/sugautu_zuvu_kiekiai/ZuvuKiekis,7e8bf71a-4aec-4809-959c-e0a3a1a694e4,c0a5e569-a21f-4866-ae61-1cfd03c9dc5f,,100039,1000,Kilogramai,Plekšnė europinė upinė (paprastoji),Europinė upinė plekšnė,European Flounder,Platichthys flesus,Pleuronectidae,76783,2005-01-16T00:00:00,2005-01-16T09:00:00,9,LTU,Lietuva,27.3.d,Baltic Sea (Division Iiid),a6c769606fd03a0,fd93751649ac3ea,Dugninis tralas su kėtoklėmis,1,120,,2003-01-01T00:00:00,---,,,2003-01-01T00:00:00,---,,
datasets/gov/ztzum/sugautu_zuvu_kiekiai/ZuvuKiekis,9ae14f48-5b2d-4942-92b3-6c573add6940,f8a08583-bafc-44e1-ae48-bbc27d9b40b9,,10004,9000,Kilogramai,Jūriniai paprastieji ešeriai,Paprastieji jūriniai ešeriai,Atlantic Redfishes Nei,Sebastes spp,Scorpaenidae,29193,2012-04-09T18:00:00,2012-04-09T21:00:00,3,XIN,Tarptautiniai vandenys,21.3.M,Flemish Cap,3b3ce5f53d596cb,ecb7937db58ec9d,Dugninis tralas su kėtoklėmis,61,130,340,2012-01-01T17:00:00,Vigo (ESP),Ispanija,TRUE,2012-04-27T15:00:00,---,,
datasets/gov/ztzum/sugautu_zuvu_kiekiai/ZuvuKiekis,c5c58837-4de9-4803-a9ae-d530d5af115f,d08947ac-ee01-440c-942c-53dae8e9a317,,100040,500,Kilogramai,Plekšnė europinė upinė (paprastoji),Europinė upinė plekšnė,European Flounder,Platichthys flesus,Pleuronectidae,76795,2005-01-15T00:00:00,2005-01-15T00:00:00,0,LTU,Lietuva,27.3.d,Baltic Sea (Division Iiid),c0b7648ddaedc1a,fd93751649ac3ea,Dugninis tralas su kėtoklėmis,1,120,,2003-01-01T00:00:00,---,,,2003-01-01T00:00:00,---,,
datasets/gov/ztzum/sugautu_zuvu_kiekiai/ZuvuKiekis,fa64bd4e-4397-43e4-8489-d89a77b427b5,6bfb39d0-da6f-4b9a-94ff-53730892000c,,100041,800,Kilogramai,Menkė Atlantinė,Atlantinė menkė,Atlantic Cod,Gadus morhua,Gadidae,76792,2005-01-16T00:00:00,2005-01-16T11:00:00,11,LTU,Lietuva,27.3.d,Baltic Sea (Division Iiid),c0b7648ddaedc1a,fd93751649ac3ea,Dugninis tralas su kėtoklėmis,1,120,,2003-01-01T00:00:00,---,,,2003-01-01T00:00:00,---,,
datasets/gov/ztzum/sugautu_zuvu_kiekiai/ZuvuKiekis,7d5f5b29-00e8-4df4-b4e1-e6716a4d639d,93936ecf-91c0-4956-8a57-007f6bb5f563,,100042,900,Kilogramai,Plekšnė europinė upinė (paprastoji),Europinė upinė plekšnė,European Flounder,Platichthys flesus,Pleuronectidae,76800,2005-01-16T00:00:00,2005-01-16T10:00:00,10,LTU,Lietuva,27.3.d,Baltic Sea (Division Iiid),f726c77e3faf88d,fd93751649ac3ea,Dugninis tralas su kėtoklėmis,1,120,,2003-01-01T00:00:00,---,,,2003-01-01T00:00:00,---,,
datasets/gov/ztzum/sugautu_zuvu_kiekiai/ZuvuKiekis,37d89ea2-5eac-4751-8f36-2578efbb57f8,d124f213-a7d4-49f3-8951-415464d8c0e5,,100043,200,Kilogramai,Menkė Atlantinė,Atlantinė menkė,Atlantic Cod,Gadus morhua,Gadidae,76799,2005-01-16T00:00:00,2005-01-16T09:00:00,9,LTU,Lietuva,27.3.d,Baltic Sea (Division Iiid),f726c77e3faf88d,fd93751649ac3ea,Dugninis tralas su kėtoklėmis,1,120,,2003-01-01T00:00:00,---,,,2003-01-01T00:00:00,---,,
datasets/gov/ztzum/sugautu_zuvu_kiekiai/ZuvuKiekis,17917375-1d51-4674-a8af-f9ee23984e7e,1d8c911c-a5c3-43c9-b412-e672f2d5c61e,,100044,800,Kilogramai,Plekšnė europinė upinė (paprastoji),Europinė upinė plekšnė,European Flounder,Platichthys flesus,Pleuronectidae,76804,2005-01-15T00:00:00,2005-01-15T07:00:00,7,LTU,Lietuva,27.3.d,Baltic Sea (Division Iiid),ac539393238ce8f,fd93751649ac3ea,Dugninis tralas su kėtoklėmis,1,120,,2003-01-01T00:00:00,---,,,2003-01-01T00:00:00,---,,
datasets/gov/ztzum/sugautu_zuvu_kiekiai/ZuvuKiekis,03262d0f-fd0d-4ab0-8040-c5bf9b4b7ff2,5d57b4ab-e994-4035-9ac3-cdd82cc227a9,,100045,50,Kilogramai,Plekšnė europinė upinė (paprastoji),Europinė upinė plekšnė,European Flounder,Platichthys flesus,Pleuronectidae,76806,2005-01-15T00:00:00,2005-01-15T08:00:00,8,LTU,Lietuva,27.3.d,Baltic Sea (Division Iiid),5b5920cc76188fa,fd93751649ac3ea,Dugninis tralas su kėtoklėmis,1,120,,2003-01-01T00:00:00,---,,,2003-01-01T00:00:00,---,,
datasets/gov/ztzum/sugautu_zuvu_kiekiai/ZuvuKiekis,121a605e-10fd-4888-9750-4ce4c1e5e1d5,7bc1c908-ba3f-4bae-ae9e-3a32edd7ee4c,,100046,200,Kilogramai,Plekšnė europinė upinė (paprastoji),Europinė upinė plekšnė,European Flounder,Platichthys flesus,Pleuronectidae,76809,2005-01-25T00:00:00,2005-01-25T08:00:00,8,LTU,Lietuva,27.3.d,Baltic Sea (Division Iiid),0c37ddff97eebd2,fd93751649ac3ea,Dugninis tralas su kėtoklėmis,1,110,,2003-01-01T00:00:00,---,,,2003-01-01T00:00:00,---,,
datasets/gov/ztzum/sugautu_zuvu_kiekiai/ZuvuKiekis,8b71a78c-5973-4065-9f84-025858296650,1083d3fe-8519-462d-96bb-b6cd919979a4,,100047,150,Kilogramai,Menkė Atlantinė,Atlantinė menkė,Atlantic Cod,Gadus morhua,Gadidae,76815,2005-01-26T00:00:00,2005-01-26T09:00:00,9,LTU,Lietuva,27.3.d,Baltic Sea (Division Iiid),2394c44c50787c4,fd93751649ac3ea,Dugninis tralas su kėtoklėmis,1,120,,2003-01-01T00:00:00,---,,,2003-01-01T00:00:00,---,,
datasets/gov/ztzum/sugautu_zuvu_kiekiai/ZuvuKiekis,9c767869-4521-4b5f-b97d-e75513411068,f4da53b9-be0d-4b01-b7f3-e6d9bcef7d4f,,100048,600,Kilogramai,Atlantinė silkė,Strimelė (Baltijos silkė),Atlantic Herring,Clupea harengus,Clupeidae,76814,2005-01-27T00:00:00,2005-01-27T08:18:00,8,LTU,Lietuva,27.3.d,Baltic Sea (Division Iiid),2394c44c50787c4,fd93751649ac3ea,Dugninis tralas su kėtoklėmis,1,120,,2003-01-01T00:00:00,---,,,2003-01-01T00:00:00,---,,
datasets/gov/ztzum/sugautu_zuvu_kiekiai/ZuvuKiekis,d2723e47-f968-4870-9551-d49cef68c07c,c9ff62fe-1be0-4a8e-97fe-e964be90c9de,,100049,175,Kilogramai,Plekšnė europinė upinė (paprastoji),Europinė upinė plekšnė,European Flounder,Platichthys flesus,Pleuronectidae,76819,2005-01-24T00:00:00,2005-01-24T10:12:00,10,LTU,Lietuva,27.3.d,Baltic Sea (Division Iiid),6721e4c0f25175a,fd93751649ac3ea,Dugninis tralas su kėtoklėmis,1,120,,2003-01-01T00:00:00,---,,,2003-01-01T00:00:00,---,,
datasets/gov/ztzum/sugautu_zuvu_kiekiai/ZuvuKiekis,9fb0cfe5-5ad2-480e-90ac-c82db5ceb91e,6fb22cce-b29a-49f5-bb28-64f0a32aacb3,,10005,290,Kilogramai,Grenadierius šiaurinis,Šiaurinis grenadierius,Roughhead Grenadier,Macrourus berglax,Macrouridae,29176,2012-04-16T22:00:00,2012-04-17T08:00:00,10,XIN,Tarptautiniai vandenys,21.3.M,Flemish Cap,3b3ce5f53d596cb,ecb7937db58ec9d,Dugninis tralas su kėtoklėmis,61,130,1180,2012-01-01T17:00:00,Vigo (ESP),Ispanija,TRUE,2012-04-27T15:00:00,---,,
datasets/gov/ztzum/sugautu_zuvu_kiekiai/ZuvuKiekis,a36545b2-f364-4a68-a620-d9e284eb3525,d6a91ee8-0a65-4f04-a2ba-104dbf146831,,100050,320,Kilogramai,Plekšnė europinė upinė (paprastoji),Europinė upinė plekšnė,European Flounder,Platichthys flesus,Pleuronectidae,76821,2005-01-26T00:00:00,2005-01-26T08:18:00,8,LTU,Lietuva,27.3.d,Baltic Sea (Division Iiid),6721e4c0f25175a,fd93751649ac3ea,Dugninis tralas su kėtoklėmis,1,120,,2003-01-01T00:00:00,---,,,2003-01-01T00:00:00,---,,
datasets/gov/ztzum/sugautu_zuvu_kiekiai/ZuvuKiekis,7bc4cd3c-6488-4605-9497-0f12a5bf44f4,23c27664-572c-4a8d-b7c5-4cc32b56d0f3,,100051,270,Kilogramai,Plekšnė europinė upinė (paprastoji),Europinė upinė plekšnė,European Flounder,Platichthys flesus,Pleuronectidae,76841,2005-01-23T00:00:00,2005-01-23T12:00:00,12,LTU,Lietuva,27.3.d,Baltic Sea (Division Iiid),24d68f29f1f4b44,fd93751649ac3ea,Dugninis tralas su kėtoklėmis,1,120,,2003-01-01T00:00:00,---,,,2003-01-01T00:00:00,---,,
datasets/gov/ztzum/sugautu_zuvu_kiekiai/ZuvuKiekis,82906a98-8af2-4095-9d9f-3a905fcab3eb,e4bdc777-2aaf-4aa8-8fa2-f6f9a7058423,,100052,1650,Kilogramai,Menkė Atlantinė,Atlantinė menkė,Atlantic Cod,Gadus morhua,Gadidae,76838,2005-01-26T00:00:00,2005-01-26T09:00:00,9,LTU,Lietuva,27.3.d,Baltic Sea (Division Iiid),24d68f29f1f4b44,fd93751649ac3ea,Dugninis tralas su kėtoklėmis,1,120,,2003-01-01T00:00:00,---,,,2003-01-01T00:00:00,---,,
datasets/gov/ztzum/sugautu_zuvu_kiekiai/ZuvuKiekis,a7276373-6fc6-40dc-99ee-b328da6f6c59,da85f93a-31ef-4b32-b1e4-ac04b2329e19,,100053,550,Kilogramai,Menkė Atlantinė,Atlantinė menkė,Atlantic Cod,Gadus morhua,Gadidae,76849,2005-01-25T00:00:00,2005-01-25T13:00:00,13,LTU,Lietuva,27.3.d,Baltic Sea (Division Iiid),6f21cb3740dd4d3,fd93751649ac3ea,Dugninis tralas su kėtoklėmis,1,105,,2003-01-01T00:00:00,---,,,2003-01-01T00:00:00,---,,
datasets/gov/ztzum/sugautu_zuvu_kiekiai/ZuvuKiekis,b204effd-03f1-4868-8e21-91e1b03ea168,6419fa88-a65b-407a-b4a6-a5215a91fa4e,,100054,700,Kilogramai,Plekšnė europinė upinė (paprastoji),Europinė upinė plekšnė,European Flounder,Platichthys flesus,Pleuronectidae,76856,2005-01-23T00:00:00,2005-01-23T10:00:00,10,LTU,Lietuva,27.3.d,Baltic Sea (Division Iiid),f726c77e3faf88d,fd93751649ac3ea,Dugninis tralas su kėtoklėmis,1,105,,2003-01-01T00:00:00,---,,,2003-01-01T00:00:00,---,,
datasets/gov/ztzum/sugautu_zuvu_kiekiai/ZuvuKiekis,ee33b8a5-7519-40e1-9238-838e52542e7b,da36eb51-1292-4b6a-a646-dfd256470196,,100055,1625,Kilogramai,Menkė Atlantinė,Atlantinė menkė,Atlantic Cod,Gadus morhua,Gadidae,76861,2005-01-04T00:00:00,2005-01-04T00:00:00,0,LTU,Lietuva,27.3.d,Baltic Sea (Division Iiid),586b5eb6b15c782,fd93751649ac3ea,Dugninis tralas su kėtoklėmis,1,120,,2003-01-01T00:00:00,---,,,2003-01-01T00:00:00,---,,
datasets/gov/ztzum/sugautu_zuvu_kiekiai/ZuvuKiekis,32873652-eafa-499c-9e4a-aa693a76223c,62987951-2070-417d-877c-817ba5ac8fde,,100056,3300,Kilogramai,Menkė Atlantinė,Atlantinė menkė,Atlantic Cod,Gadus morhua,Gadidae,76874,2005-01-24T00:00:00,2005-01-24T11:00:00,11,LTU,Lietuva,27.3.d,Baltic Sea (Division Iiid),4977807e7acd249,fd93751649ac3ea,Dugninis tralas su kėtoklėmis,1,120,,2003-01-01T00:00:00,---,,,2003-01-01T00:00:00,---,,
datasets/gov/ztzum/sugautu_zuvu_kiekiai/ZuvuKiekis,b5b683bc-538f-42d7-b56e-2ae71d0dc5a0,e4e282b2-2dba-414e-9e4c-7d35ff6b1659,,100057,700,Kilogramai,Menkė Atlantinė,Atlantinė menkė,Atlantic Cod,Gadus morhua,Gadidae,76873,2005-01-25T00:00:00,2005-01-25T05:18:00,5,LTU,Lietuva,27.3.d,Baltic Sea (Division Iiid),4977807e7acd249,fd93751649ac3ea,Dugninis tralas su kėtoklėmis,1,120,,2003-01-01T00:00:00,---,,,2003-01-01T00:00:00,---,,
datasets/gov/ztzum/sugautu_zuvu_kiekiai/ZuvuKiekis,4e56b5ab-61d3-4919-929f-f8560aded16a,b04ae51a-c6b6-4e6d-9719-f8f7949a4ce6,,100058,600,Kilogramai,Plekšnė europinė upinė (paprastoji),Europinė upinė plekšnė,European Flounder,Platichthys flesus,Pleuronectidae,76882,2005-01-26T00:00:00,2005-01-26T16:00:00,16,XEU,ES vandenys,27.3.d.26,Southern Central Baltic - East (Subdivision 26),dc7723428bcb11f,fa35e192121eabf,Dugninis tralas su kėtoklėmis,,110,,2005-01-26T00:00:00,---,,,2005-01-28T00:00:00,---,,
datasets/gov/ztzum/sugautu_zuvu_kiekiai/ZuvuKiekis,0a60f0fd-c313-458e-8d74-fee66ff4de7f,136714dd-2427-413d-997b-0cc8a5e37265,,100059,1050,Kilogramai,Atlantinė silkė,Strimelė (Baltijos silkė),Atlantic Herring,Clupea harengus,Clupeidae,76890,2005-01-30T00:00:00,2005-01-30T06:09:00,6,XEU,ES vandenys,27.3.d.26,Southern Central Baltic - East (Subdivision 26),5042f4d5f8e93f1,0159a99ed28b058,Dugninis tralas su kėtoklėmis,,18,,2005-01-29T00:00:00,---,,,2005-01-30T00:00:00,---,,
datasets/gov/ztzum/sugautu_zuvu_kiekiai/ZuvuKiekis,d3a22c1d-7dae-42b4-8fa2-d5bc537365f5,08c5cae1-68b2-490b-b2f5-7b9946a71e28,,10006,108,Kilogramai,Paltusas juodasis (Grenlandijos),Juodasis (Grenlandijos) paltusas,Greenland Halibut,Reinhardtius hippoglossoides,Pleuronectidae,29176,2012-04-16T22:00:00,2012-04-17T08:00:00,10,XIN,Tarptautiniai vandenys,21.3.M,Flemish Cap,3b3ce5f53d596cb,ecb7937db58ec9d,Dugninis tralas su kėtoklėmis,61,130,1180,2012-01-01T17:00:00,Vigo (ESP),Ispanija,TRUE,2012-04-27T15:00:00,---,,
datasets/gov/ztzum/sugautu_zuvu_kiekiai/ZuvuKiekis,b502d35d-0e92-4b41-ba6b-380b7253ec84,9684976c-2de5-447b-a01d-f4bf709b0468,,100060,750,Kilogramai,Menkė Atlantinė,Atlantinė menkė,Atlantic Cod,Gadus morhua,Gadidae,76897,2005-01-25T00:00:00,2005-01-25T17:00:00,17,XEU,ES vandenys,27.3.d.26,Southern Central Baltic - East (Subdivision 26),dd0bd0f7d7e374d,1574bddb75c78a6,Statomi žiauniniai tinklai (inkaruojami),3600,110,,2005-01-24T00:00:00,Klaipėda (LTU),Lietuva,TRUE,2005-01-29T00:00:00,Klaipėda (LTU),Lietuva,TRUE
datasets/gov/ztzum/sugautu_zuvu_kiekiai/ZuvuKiekis,4612bb54-3ea4-4870-ad8a-bab2f734d64a,0a84eb06-54c6-434d-beb9-14da5971274e,,100061,2200,Kilogramai,Menkė Atlantinė,Atlantinė menkė,Atlantic Cod,Gadus morhua,Gadidae,76907,2005-01-30T00:00:00,2005-01-30T00:00:00,0,XEU,ES vandenys,27.3.d.26,Southern Central Baltic - East (Subdivision 26),4f51e33d25c41a1,632667547e7cd3e,Dugninis tralas su kėtoklėmis,,120,,2005-01-28T00:00:00,---,,,2005-01-30T00:00:00,---,,
datasets/gov/ztzum/sugautu_zuvu_kiekiai/ZuvuKiekis,591105c6-5402-4c92-91af-996cbf4a2070,e1e49246-c365-46d1-986f-fcacdb6539f7,,100062,500,Kilogramai,Plekšnė europinė upinė (paprastoji),Europinė upinė plekšnė,European Flounder,Platichthys flesus,Pleuronectidae,76910,2005-01-24T00:00:00,2005-01-24T06:00:00,6,XEU,ES vandenys,27.3.d.26,Southern Central Baltic - East (Subdivision 26),7132dc2cabb844e,bc33ea4e26e5e1a,Dugninis tralas su kėtoklėmis,,120,,2005-01-23T00:00:00,---,,,2005-01-25T00:00:00,---,,
datasets/gov/ztzum/sugautu_zuvu_kiekiai/ZuvuKiekis,1bb60946-1801-4b22-94f5-5ec5b85dbdc5,4136f0de-d4b3-48ef-bf6d-a5af6e420176,,100063,400,Kilogramai,Menkė Atlantinė,Atlantinė menkė,Atlantic Cod,Gadus morhua,Gadidae,76909,2005-01-25T00:00:00,2005-01-25T05:00:00,5,XEU,ES vandenys,27.3.d.26,Southern Central Baltic - East (Subdivision 26),7132dc2cabb844e,bc33ea4e26e5e1a,Dugninis tralas su kėtoklėmis,,120,,2005-01-23T00:00:00,---,,,2005-01-25T00:00:00,---,,
datasets/gov/ztzum/sugautu_zuvu_kiekiai/ZuvuKiekis,82c2d312-4950-4320-b4c4-34d8ddf3e7a5,cb68c7dc-b909-4077-9f30-1f58fbe70076,,100064,800,Kilogramai,Menkė Atlantinė,Atlantinė menkė,Atlantic Cod,Gadus morhua,Gadidae,76920,2005-01-26T00:00:00,2005-01-26T07:00:00,7,XEU,ES vandenys,27.3.d.26,Southern Central Baltic - East (Subdivision 26),a8a6aefe4920759,e1822db470e60d0,Dugninis tralas su kėtoklėmis,,120,,2005-01-23T00:00:00,---,,,2005-01-26T00:00:00,---,,
datasets/gov/ztzum/sugautu_zuvu_kiekiai/ZuvuKiekis,f2d05788-ae7a-4bc5-bfa8-3651d6aba3d2,635fc541-2a2b-49dd-a0a8-b0b0394ed1c6,,100065,2000,Kilogramai,Menkė Atlantinė,Atlantinė menkė,Atlantic Cod,Gadus morhua,Gadidae,76926,2005-01-27T00:00:00,2005-01-27T20:00:00,20,XEU,ES vandenys,27.3.d.26,Southern Central Baltic - East (Subdivision 26),a8a6aefe4920759,e1822db470e60d0,Dugninis tralas su kėtoklėmis,,120,,2005-01-26T00:00:00,---,,,2005-01-29T00:00:00,---,,
datasets/gov/ztzum/sugautu_zuvu_kiekiai/ZuvuKiekis,15717647-615d-416b-8332-46aed6dea3cc,b12e30c6-7dfa-40bf-a8bd-cf20c34e6d7e,,100066,850,Kilogramai,Menkė Atlantinė,Atlantinė menkė,Atlantic Cod,Gadus morhua,Gadidae,76958,2005-01-28T00:00:00,2005-01-28T16:00:00,16,XEU,ES vandenys,27.3.d.26,Southern Central Baltic - East (Subdivision 26),f726c77e3faf88d,e62d7f1eb43d87c,Dugninis tralas su kėtoklėmis,,105,,2005-01-27T00:00:00,---,,,2005-01-30T00:00:00,---,,
datasets/gov/ztzum/sugautu_zuvu_kiekiai/ZuvuKiekis,9f33759f-45b6-4dd5-a197-5e1369a3c177,dd4b6b11-c3ab-4eb2-82a0-9fe3a64bb4c8,,100067,200,Kilogramai,Plekšnė europinė upinė (paprastoji),Europinė upinė plekšnė,European Flounder,Platichthys flesus,Pleuronectidae,76956,2005-01-30T00:00:00,2005-01-30T08:00:00,8,XEU,ES vandenys,27.3.d.26,Southern Central Baltic - East (Subdivision 26),f726c77e3faf88d,e62d7f1eb43d87c,Dugninis tralas su kėtoklėmis,,105,,2005-01-27T00:00:00,---,,,2005-01-30T00:00:00,---,,
datasets/gov/ztzum/sugautu_zuvu_kiekiai/ZuvuKiekis,e4d5766c-d23e-4036-993b-e5ec7131cb8c,55cdac71-9af1-4ba8-88bd-e7077dcd8065,,100068,175,Kilogramai,Plekšnė europinė upinė (paprastoji),Europinė upinė plekšnė,European Flounder,Platichthys flesus,Pleuronectidae,76978,2005-01-25T00:00:00,2005-01-25T16:00:00,16,XEU,ES vandenys,27.3.d.26,Southern Central Baltic - East (Subdivision 26),f28af51261ea1ae,0159a99ed28b058,Dugninis tralas su kėtoklėmis,,120,,2005-01-23T00:00:00,---,,,2005-01-28T00:00:00,---,,
datasets/gov/ztzum/sugautu_zuvu_kiekiai/ZuvuKiekis,e53b6fb8-d72a-4dcb-b865-651ed9a1f665,81317654-fed6-4de9-83e8-33229f1688cd,,100069,1450,Kilogramai,Menkė Atlantinė,Atlantinė menkė,Atlantic Cod,Gadus morhua,Gadidae,76980,2005-01-30T00:00:00,2005-01-30T16:00:00,16,XEU,ES vandenys,27.3.d.26,Southern Central Baltic - East (Subdivision 26),f28af51261ea1ae,0159a99ed28b058,Dugninis tralas su kėtoklėmis,,120,,2005-01-29T00:00:00,---,,,2005-01-31T00:00:00,---,,
datasets/gov/ztzum/sugautu_zuvu_kiekiai/ZuvuKiekis,d3be4541-2643-4dff-a70b-f7f072a5d746,a5d97363-2e8d-4020-89a8-68bdf3b2c673,,10007,12000,Kilogramai,Sardinė europinė,Europinė sardinė,European Pilchard(=Sardine),Sardina pilchardus,Clupeidae,26699,2011-11-04T06:00:00,2011-11-04T18:00:00,12,ESH,Vakarų Sahara,34.1.1.2,Morocco Coastal,985238eca0127c9,f38cfe2e2facbcc,Pelaginis tralas su kėtoklėmis,,40,228,2011-08-23T05:00:00,Dakhla (MAR),Vakarų Sachara,FALSE,2011-11-27T09:00:00,Dakhla (MAR),Vakarų Sachara,FALSE
datasets/gov/ztzum/sugautu_zuvu_kiekiai/ZuvuKiekis,935dfac8-b66f-40af-a54c-24b4431d096b,9054cd85-9b09-4551-9d59-015c8f02c730,,100070,1700,Kilogramai,Menkė Atlantinė,Atlantinė menkė,Atlantic Cod,Gadus morhua,Gadidae,76999,2005-01-26T00:00:00,2005-01-26T11:00:00,11,XEU,ES vandenys,27.3.d.26,Southern Central Baltic - East (Subdivision 26),97b8adc55f12415,cb7a1d775e800fd,Dugninis tralas su kėtoklėmis,,120,,2005-01-26T00:00:00,---,,,2005-01-28T00:00:00,---,,
datasets/gov/ztzum/sugautu_zuvu_kiekiai/ZuvuKiekis,a0dc3982-0108-44fa-8a97-b146d7de5577,b6f6c993-ff35-4989-be5d-5e1d2b7e05cc,,100071,2050,Kilogramai,Menkė Atlantinė,Atlantinė menkė,Atlantic Cod,Gadus morhua,Gadidae,77010,2005-01-24T00:00:00,2005-01-24T10:00:00,10,XEU,ES vandenys,27.3.d.26,Southern Central Baltic - East (Subdivision 26),0f08aa0df9af4f3,b6692ea5df920ca,Dugninis tralas su kėtoklėmis,,120,,2005-01-24T00:00:00,Klaipėda (LTU),Lietuva,TRUE,2005-01-26T00:00:00,Klaipėda (LTU),Lietuva,TRUE
datasets/gov/ztzum/sugautu_zuvu_kiekiai/ZuvuKiekis,265a0cb1-1c9b-4264-ab42-b49ae45ccf05,9137c992-1048-4e1d-b315-3512914024bf,,100072,100,Kilogramai,Plekšnė europinė upinė (paprastoji),Europinė upinė plekšnė,European Flounder,Platichthys flesus,Pleuronectidae,77017,2005-01-30T00:00:00,2005-01-30T11:00:00,11,XEU,ES vandenys,27.3.d.26,Southern Central Baltic - East (Subdivision 26),2394c44c50787c4,0159a99ed28b058,Dugninis tralas su kėtoklėmis,,18,,2005-01-29T00:00:00,---,,,2005-01-30T00:00:00,---,,
datasets/gov/ztzum/sugautu_zuvu_kiekiai/ZuvuKiekis,deeb9e34-9bf7-4a79-8da2-cc1ebc6a1a52,d8723305-3b9c-458f-84f9-943f068cc4c8,,100073,225,Kilogramai,Menkė Atlantinė,Atlantinė menkė,Atlantic Cod,Gadus morhua,Gadidae,77053,2005-02-05T00:00:00,2005-02-05T17:00:00,17,XEU,ES vandenys,27.3.d.26,Southern Central Baltic - East (Subdivision 26),dd0bd0f7d7e374d,1574bddb75c78a6,Statomi žiauniniai tinklai (inkaruojami),3600,110,,2005-02-02T00:00:00,Klaipėda (LTU),Lietuva,TRUE,2005-02-06T00:00:00,Klaipėda (LTU),Lietuva,TRUE
datasets/gov/ztzum/sugautu_zuvu_kiekiai/ZuvuKiekis,83d996ab-658e-49f2-80ab-f9bce01ad91f,a4c07f6e-7b2f-4232-be84-8abb8fffef95,,100074,500,Kilogramai,Plekšnė europinė upinė (paprastoji),Europinė upinė plekšnė,European Flounder,Platichthys flesus,Pleuronectidae,77058,2005-02-02T00:00:00,2005-02-02T08:00:00,8,XEU,ES vandenys,27.3.d.26,Southern Central Baltic - East (Subdivision 26),97b8adc55f12415,cb7a1d775e800fd,Dugninis tralas su kėtoklėmis,,120,,2005-02-02T00:00:00,---,,,2005-02-04T00:00:00,---,,
datasets/gov/ztzum/sugautu_zuvu_kiekiai/ZuvuKiekis,9ffe943e-c7ae-4418-b850-b43d25dbb8f0,0bbac439-c2d5-4714-8167-b103480f84c6,,100075,16100,Kilogramai,Šprotas atlantinis,Šprotas (Bretlingis),European Sprat,Sprattus sprattus,Clupeidae,77066,2005-02-06T00:00:00,2005-02-06T00:00:00,0,XEU,ES vandenys,27.3.d.26,Southern Central Baltic - East (Subdivision 26),6d25bf20e4c7dec,0159a99ed28b058,Pelaginis tralas su kėtoklėmis,,10,,2005-02-06T00:00:00,---,,,2005-02-06T00:00:00,---,,
datasets/gov/ztzum/sugautu_zuvu_kiekiai/ZuvuKiekis,dbe6c576-15de-4600-a858-868d860c5573,cb0b8329-cda9-49ef-8579-43af82e1fa8d,,100076,50,Kilogramai,Plekšnė europinė upinė (paprastoji),Europinė upinė plekšnė,European Flounder,Platichthys flesus,Pleuronectidae,77070,2005-02-03T00:00:00,2005-02-03T05:00:00,5,XEU,ES vandenys,27.3.d.26,Southern Central Baltic - East (Subdivision 26),7eb83c5f987b805,0159a99ed28b058,Dugninis tralas su kėtoklėmis,,18,,2005-02-02T00:00:00,---,,,2005-02-04T00:00:00,---,,
datasets/gov/ztzum/sugautu_zuvu_kiekiai/ZuvuKiekis,86138e88-9257-4d71-89a6-085af06c5032,689b6471-d976-490b-b943-35ffcfb90eb2,,100077,1000,Kilogramai,Atlantinė silkė,Strimelė (Baltijos silkė),Atlantic Herring,Clupea harengus,Clupeidae,77070,2005-02-03T00:00:00,2005-02-03T05:00:00,5,XEU,ES vandenys,27.3.d.26,Southern Central Baltic - East (Subdivision 26),7eb83c5f987b805,0159a99ed28b058,Dugninis tralas su kėtoklėmis,,18,,2005-02-02T00:00:00,---,,,2005-02-04T00:00:00,---,,
datasets/gov/ztzum/sugautu_zuvu_kiekiai/ZuvuKiekis,3264affb-b0c2-405a-8bd2-f3f705027cd2,200aba60-10ad-4898-9f03-4ac88a8d5f51,,100078,1475,Kilogramai,Atlantinė silkė,Strimelė (Baltijos silkė),Atlantic Herring,Clupea harengus,Clupeidae,77069,2005-02-04T00:00:00,2005-02-04T06:18:00,6,XEU,ES vandenys,27.3.d.26,Southern Central Baltic - East (Subdivision 26),7eb83c5f987b805,0159a99ed28b058,Dugninis tralas su kėtoklėmis,,18,,2005-02-02T00:00:00,---,,,2005-02-04T00:00:00,---,,
datasets/gov/ztzum/sugautu_zuvu_kiekiai/ZuvuKiekis,8f2f8d2f-632e-4b58-bae4-3b2fd29915e4,1500fa8d-1ed9-456f-af58-522870b957ed,,100079,250,Kilogramai,Plekšnė europinė upinė (paprastoji),Europinė upinė plekšnė,European Flounder,Platichthys flesus,Pleuronectidae,77073,2005-02-03T00:00:00,2005-02-03T08:00:00,8,XEU,ES vandenys,27.3.d.26,Southern Central Baltic - East (Subdivision 26),f28af51261ea1ae,0159a99ed28b058,Dugninis tralas su kėtoklėmis,,120,,2005-02-03T00:00:00,---,,,2005-02-05T00:00:00,---,,
datasets/gov/ztzum/sugautu_zuvu_kiekiai/ZuvuKiekis,27d14b1f-e062-4bd8-9c77-66c9fc06c317,be933810-4548-4bd2-8b4e-b499994e474d,,10008,47000,Kilogramai,Sardinė europinė,Europinė sardinė,European Pilchard(=Sardine),Sardina pilchardus,Clupeidae,26697,2011-11-06T21:00:00,2011-11-07T07:00:00,10,ESH,Vakarų Sahara,34.1.1.2,Morocco Coastal,985238eca0127c9,f38cfe2e2facbcc,Pelaginis tralas su kėtoklėmis,,40,225,2011-08-23T05:00:00,Dakhla (MAR),Vakarų Sachara,FALSE,2011-11-27T09:00:00,Dakhla (MAR),Vakarų Sachara,FALSE
datasets/gov/ztzum/sugautu_zuvu_kiekiai/ZuvuKiekis,89d795cd-ff0f-4d95-a276-0a99667c195c,0bb1df79-3418-465d-b2cf-6db7dfd96e97,,100080,138,Kilogramai,Menkė Atlantinė,Atlantinė menkė,Atlantic Cod,Gadus morhua,Gadidae,77080,2005-02-04T00:00:00,2005-02-04T04:00:00,4,XEU,ES vandenys,27.3.d.26,Southern Central Baltic - East (Subdivision 26),5042f4d5f8e93f1,0159a99ed28b058,Dugninis tralas su kėtoklėmis,,120,,2005-02-04T00:00:00,---,,,2005-02-04T00:00:00,---,,
datasets/gov/ztzum/sugautu_zuvu_kiekiai/ZuvuKiekis,f03ef3a7-8ea2-41f4-9319-f4f865f6ed8c,be0b7c74-b390-44c1-85f8-d8f061557ae4,,100081,25,Kilogramai,Plekšnė europinė upinė (paprastoji),Europinė upinė plekšnė,European Flounder,Platichthys flesus,Pleuronectidae,77082,2005-02-06T00:00:00,2005-02-06T04:18:00,4,XEU,ES vandenys,27.3.d.26,Southern Central Baltic - East (Subdivision 26),5042f4d5f8e93f1,0159a99ed28b058,Dugninis tralas su kėtoklėmis,,120,,2005-02-06T00:00:00,---,,,2005-02-06T00:00:00,---,,
datasets/gov/ztzum/sugautu_zuvu_kiekiai/ZuvuKiekis,b9dfcceb-bc58-4969-8538-e7402f7a05c1,ef668f0f-ebbe-4c16-930c-3b517e92241c,,100082,475,Kilogramai,Menkė Atlantinė,Atlantinė menkė,Atlantic Cod,Gadus morhua,Gadidae,77090,2005-02-04T00:00:00,2005-02-04T07:00:00,7,XEU,ES vandenys,27.3.d.26,Southern Central Baltic - East (Subdivision 26),a6c769606fd03a0,cb4e5208b4cd872,Dugninis tralas su kėtoklėmis,,120,,2005-02-02T00:00:00,Klaipėda (LTU),Lietuva,TRUE,2005-02-04T00:00:00,Klaipėda (LTU),Lietuva,TRUE
datasets/gov/ztzum/sugautu_zuvu_kiekiai/ZuvuKiekis,90c8c1a8-5956-4f31-9631-15f682138198,e423cb90-1192-472c-9c6f-06e7c8c1f617,,100083,1025,Kilogramai,Menkė Atlantinė,Atlantinė menkė,Atlantic Cod,Gadus morhua,Gadidae,77094,2005-02-02T00:00:00,2005-02-02T11:00:00,11,XEU,ES vandenys,27.3.d.26,Southern Central Baltic - East (Subdivision 26),a8a6aefe4920759,e1822db470e60d0,Dugninis tralas su kėtoklėmis,,120,,2005-02-02T00:00:00,---,,,2005-02-04T00:00:00,---,,
datasets/gov/ztzum/sugautu_zuvu_kiekiai/ZuvuKiekis,acc14a90-4586-4444-a6a9-2e89f208ea37,1f5f1e27-035d-4757-8c31-6de529508c5a,,100084,1443,Kilogramai,Menkė Atlantinė,Atlantinė menkė,Atlantic Cod,Gadus morhua,Gadidae,77092,2005-02-04T00:00:00,2005-02-04T14:00:00,14,XEU,ES vandenys,27.3.d.26,Southern Central Baltic - East (Subdivision 26),a8a6aefe4920759,e1822db470e60d0,Dugninis tralas su kėtoklėmis,,120,,2005-02-02T00:00:00,---,,,2005-02-04T00:00:00,---,,
datasets/gov/ztzum/sugautu_zuvu_kiekiai/ZuvuKiekis,4921182a-bed2-42ab-b659-7dd13e38c08e,f033d0b1-f025-4a11-b919-fff4539e2ed3,,100085,1050,Kilogramai,Plekšnė europinė upinė (paprastoji),Europinė upinė plekšnė,European Flounder,Platichthys flesus,Pleuronectidae,77092,2005-02-04T00:00:00,2005-02-04T14:00:00,14,XEU,ES vandenys,27.3.d.26,Southern Central Baltic - East (Subdivision 26),a8a6aefe4920759,e1822db470e60d0,Dugninis tralas su kėtoklėmis,,120,,2005-02-02T00:00:00,---,,,2005-02-04T00:00:00,---,,
